<?xml version="1.0" encoding="UTF-8"?>
<project-private xmlns="http://www.netbeans.org/ns/project-private/1">
    <editor-bookmarks xmlns="http://www.netbeans.org/ns/editor-bookmarks/2" lastBookmarkId="0"/>
    <open-files xmlns="http://www.netbeans.org/ns/projectui-open-files/2">
        <group>
            <file>file:/C:/Users/Lakshman/Dropbox/Team7/AdvSched/Team7_AdvSched/advisingscheduler/src/java/uta/cse4361/databases/GetAnyUser.java</file>
            <file>file:/C:/Users/Lakshman/Dropbox/Team7/AdvSched/Team7_AdvSched/advisingscheduler/web/index.jsp</file>
            <file>file:/C:/Users/Lakshman/Dropbox/Team7/AdvSched/Team7_AdvSched/advisingscheduler/src/java/uta/cse4361/databases/ChangePassword.java</file>
            <file>file:/C:/Users/Lakshman/Dropbox/Team7/AdvSched/Team7_AdvSched/advisingscheduler/src/java/uta/cse4361/beans/LogInBean.java</file>
            <file>file:/C:/Users/Lakshman/Dropbox/Team7/AdvSched/Team7_AdvSched/advisingscheduler/src/java/uta/cse4361/databases/RegisterStudents.java</file>
            <file>file:/C:/Users/Lakshman/Dropbox/Team7/AdvSched/Team7_AdvSched/advisingscheduler/web/LoginValidation.jsp</file>
            <file>file:/C:/Users/Lakshman/Dropbox/Team7/AdvSched/Team7_AdvSched/advisingscheduler/src/java/uta/cse4361/businessobjects/StudentAccount.java</file>
        </group>
    </open-files>
</project-private>
